{"cameraMode":{"drawMode":0,"name":"Shaded","section":"Shading Mode"},"sceneLighting":true,"audioPlay":false,"sceneViewState":{"m_AlwaysRefresh":false,"showFog":true,"showSkybox":true,"showFlares":true,"showImageEffects":true,"showParticleSystems":true,"showVisualEffectGraphs":true,"m_FxEnabled":true},"in2DMode":false,"pivot":{"x":-1.222383737564087,"y":1.3404819965362549,"z":-10.372204780578614},"rotation":{"x":-0.20109328627586366,"y":0.01117946207523346,"z":-0.0022801763843744995,"w":-0.9794451594352722},"size":4.864030838012695,"orthographic":false}