{"cameraMode":{"drawMode":0,"name":"Shaded","section":"Shading Mode"},"sceneLighting":true,"audioPlay":false,"sceneViewState":{"m_AlwaysRefresh":false,"showFog":true,"showSkybox":true,"showFlares":true,"showImageEffects":true,"showParticleSystems":true,"showVisualEffectGraphs":true,"m_FxEnabled":true},"in2DMode":false,"pivot":{"x":3.778111696243286,"y":0.3229503929615021,"z":-5.460996627807617},"rotation":{"x":-0.0026000600773841144,"y":-0.9668454527854919,"z":0.25513261556625368,"w":-0.00986773893237114},"size":2.837594747543335,"orthographic":false}